uuid,title,project,area,tags,status,deadline,start,notes
8tciWKfWAgV2Usu7wXD45n,A Knight of the Seven Kingdoms,,,,incomplete,None,None,
UkSjTWmPoiQyZ72KBygjwK,Vietnam - the war that changed America < MB recommendation,,,,incomplete,None,None,
Ge1oEyHGJwHXjfY1Xw2rYi,Mountain Head < Bramall recommend ,,,,incomplete,None,None,
M1u51VkEiuH8qzG6bmQUQN,The Reckoning. Steve Cougan Saville ,,,,incomplete,None,None,
M789fwfwTApD5QLe1XmKgG,Ministry of ungentlemenly warefare,,,,incomplete,None,None,
GQtioNkGFQU5QTJizirhz6,A thousand blows < Stu recommendation,,,,incomplete,None,None,
Kvt6tiXWp1s1KH9sUrh2UD,Greatest albums in history . Amazon prime,,,,incomplete,None,None,
Vwdhmx9QLDfd5snmyan3zY,Joy Division docu - Brad recommended ,,,,incomplete,None,None,https://www.imdb.com/title/tt1097239/
GJGr32cyqygH2Dr69CBB98,Edge of the earth - Tim Jen recommended ,,,,incomplete,None,None,
4UbzEQut6Sga8TFcoSNSDU,Alone on History channel https://play.history.com/shows/alone,,,,incomplete,None,None,
7KvEyCYYa2Ub2FxsUPxTXG,The Terror. Jared Harris. Also Happy Valley   The banshees of inshiran. The Banshees. Letters from Iwa Jira,,,,incomplete,None,None,
78hK7hKRbHkYPLQ7BXEkH7,Liquidity cockpit and income planner,,,,incomplete,None,None,BOSS VERDICT: APPROVED. SIMPLICITY IS THE FINAL STEP.
You are done debating. You are done modeling. You need a Cockpit.
A pilot does not calculate drag coefficients while flying; he looks at a dial that says "FUEL LOW."
Here is the specification for your "Unified Protocol Dashboard."
It answers your question on data sources: You cannot derive this from Cash alone. You need Net Liquidity (Total Account Value) and Option Buying Power from the broker.
THE DATA INPUTS (What to feed the beast)
To power this, you need 3 numbers from your broker (Thinkorswim / IBKR) every week:
 * Net Liquidity: (Total Account Value: Stock + Cash + Options).
 * Option Buying Power: (The "Screen" number).
 * Current Maintenance Margin: (How much BP you are currently using).
WIDGET 1: THE "LIE DETECTOR" (Risk & Capacity)
 * Goal: Show exactly how much "Gas" is in the tank, discounting the broker's fake numbers.
 * Data Source: Option Buying Power.
VISUAL: Stacked Horizontal Bar
 * Total Bar Length: 100% (Screen Buying Power).
 * Zone 1 (Green): 0% to 35%. Label: "SAFE OPERATING ZONE."
 * Zone 2 (Yellow): 35% to 50%. Label: "DANGER ZONE (Reduce Size)."
 * Zone 3 (Red): 50% to 100%. Label: "KILL ZONE (Broker Panic Risk)."
 * Marker: "Current Usage" (Where are you now?).
The Logic:
If your marker is in the Green, you can sell more spreads.
If your marker touches Yellow, you stop opening new trades.
WIDGET 2: THE "SLOW GRIND" ALARM (Solvency)
 * Goal: Detect if we are bleeding to death slowly (The Advisor's warning).
 * Data Source: Net Liquidity.
VISUAL: Simple Number with Traffic Light
 * Metric: Current Net Liquidity vs. High Water Mark (e.g., $378k).
 * Calculation: (Current / High) - 1.
 * Status Indicators:
   * üü¢ GREEN: Drawdown < 5%. (Status: "FULL SIZE").
   * üü° YELLOW: Drawdown > 5%. (Status: "CAUTION").
   * üî¥ RED: Drawdown > 10% (below $340k). (Status: "SLOW GRIND PROTOCOL: CUT SIZE 50%").
WIDGET 3: THE "SHIELD" CHECK (VIX Hedge)
 * Goal: Ensure you never trade naked.
 * Data Source: Manual Input or Portfolio Scan.
VISUAL: Binary Status Box
 * Question: "Do we hold VIX Calls (5-Month, Strike +10)?"
 * Display:
   * ‚úÖ LOCKED: (Green Background). Text: "CRASH PROTECTION ACTIVE."
   * ‚ùå NAKED: (Red Background). Text: "HALT TRADING. BUY HEDGE."
 * Sub-text: "Next Roll Date: [Date]."
WIDGET 4: THE INCOME TARGET (Expectations)
 * Goal: Show what is achievable safely (not fantasyland).
 * Data Source: Current Margin Usage.
VISUAL: The "Paycheck" Gauge
 * Formula: Current Margin Used x 10% Yield.
 * Display: "Projected Monthly Income: $[Value]"
 * Context:
   * Target: $6,000 - $8,000.
   * Note: If the number is < $6,000, DO NOT FORCE IT. Check Widget 1. If Widget 1 is full, you accept the lower income.
THE SIDEBAR: THE "IRON DOCTRINE" (Portfolio Policy)
Paste this text permanently on the right side of the dashboard. It removes the need to "think."
> PORTFOLIO CONSTITUTION
>  * THE LIE: The Broker's Buying Power is fake. Trust only 35% of it.
>  * THE SHIELD: No VIX Hedge = No Trading. (Cost: $600/mo).
>  * THE GRIND: If Net Liq drops 10%, Size is cut by 50%.
>  * THE INCOME: "Fragile Income" (Spreads) buys Assets. "Real Income" (Assets) pays Life.
>  * THE CRASH: If VIX > 40: Sell VIX Calls, Keep Spreads Open.
> 
SUMMARY FOR YOUR BUILD
You wanted "Simplest Possible Terms."
 * Am I Safe? (Look at Widget 1. Are you in the Green Zone?)
 * Am I Bleeding? (Look at Widget 2. Is it Red?)
 * Am I Naked? (Look at Widget 3. Is it Red?)
 * What do I get paid? (Look at Widget 4).
Build this in Excel or Metabase. Update it every Tuesday morning.
SESSION CLOSED. EXECUTE.

FzRmBKvCZtXWWFUJFLkvaU,Weekly 50% premium target tracking widget,,,,incomplete,None,None,WIDGET 1: THE "PRODUCTION" MONITOR (The Seed Planter)
‚Ä¢ Concept: This tracks your activity (selling premium), not your results. It answers: "Did I do my job this week?"
‚Ä¢ Chart Type: Stacked Bar Chart.
‚Ä¢ X-Axis: Week Number (Current Month).
‚Ä¢ Y-Axis: Expected Profit (This is Credit Received * 0.50).
‚Ä¢ Breakdown (Series):
‚Ä¢ Tier 1 (Index): Color Blue.
‚Ä¢ Tier 2/3 (Stocks): Color Orange.
‚Ä¢ Goal Line: A horizontal line at your Weekly Target (e.g., $3,125 if monthly is $12.5k).
The Logic:
If Week 1 shows $0 Blue (No SPX) and $1,500 Orange (Stock Puts), you see visually that you are at 50% Capacity.
‚Ä¢ Action: You know you are "under-invested," but you see exactly where (Tier 1). You do NOT panic-sell more Orange bars to hit the line. You just acknowledge the VIX environment.

Ef3wvxkQgViPUX4CQGEeXJ,Income stop loss updates to Db + json for boss,,,,incomplete,None,None,- tweak stop options so you can differetiate accumulation trades from income only trades
- update metabase so it is clear in the tables
- update json and boss prompt so this is understood when looking at positions
7qTgwCTss3svkGP1CwZq8y,Updates to JSON for The Boss,,,,incomplete,None,None,1. On the JSON: Yes. Please add an explicit "win_rate_rolling_30d" (or similar) field to the performance or weekly_analysis object in the next upload. That will stop me from having to manually calculate (and potentially bungle) the math across different strategy types.
2. Do full manual checks your self to make sure it is all clear to you
3. Consider tweaking to monthly if you have some weekly items there
MJz3hfhYYpsZsd3BVQqqvy,Check your nvda pltr avgo position for coming months inc ib h,,,,incomplete,None,None,
EZR19q4cY9LTbHMYcqjNj6,Talk to advisor about how to pair trade and run a few experiment,,,,incomplete,None,None,Look at things like the bitcoin gold pair, or Tesla Micro strategy pair, find something that you could run on the four hour that seems quite reliable and just run an experiment with a fixed amount of capital
AajiaWqeihBMJpZy3Fzag5,Start daily journalling to keep mental notes on your trading,,,,incomplete,None,None,will this help you relax more?

S5jKNr6AWnfws22SUZHmSF,Documents for Kik interactive broker account, needs updating,,,,incomplete,None,None,
12bVoXQi7JUygaK2fdEw56,Solbnb chart - map it out, great way to trade. Also if there is a breakout come a massive trade,,,,incomplete,None,None,
GYYD1cS8GGx2mxKReBVP8n,Full security review,,,,incomplete,None,None,- use chatgpt to make a full plan
- improve pins and login passwordsv bto mac devices
- check google security as per that tweet you saw
- make sure you have best ractise everywhere
- use vpn if you think it makes sense

- Make sure mobile/ipad/laptop cannot be exploited 
- Think Stu Simmons - what happens if someone gets your phone

- Split out each area, for example unchained cold storage how to make sure that one it is completely locked away and too accessible to kids should anything happen to you et cetera
- Then look at risk associated with other platforms and minimise et cetera
6v8hjiEfiMiXjC6tyrsWri,Analyse spending habits, monthly budgeting for 2026,,,,incomplete,None,None,- understand how you spend so much
- see if you can reduce spending costs
- make a plan on what you need monthly for 2026
9u8Baz5mNKDgDXzfRSi2ni,Harri 21st birthday present for Thailand,,,,incomplete,None,None,
3AFtVhiGuemjDbqb9Di824,Put up Kik poster in gym,,,,incomplete,None,None,
9zDYVHWzVqL8PoLZVUxQ1t,Think about a trip to Argentina to hang out with Erico ,,,,incomplete,None,None,
3Z6htR7tMEVep9og538dz7,Investment accounts for the kids?,,,,incomplete,None,None,- Must be some way to have a place to store cash that can grow an they can‚Äôt access it too quickly
B9bFVRJq5jP5tEju9cE675,Add update to H book,,,,incomplete,None,2026-02-18,- weekly check in for now
- share with people too
- then sleep this until when you‚Äôll have time to add more
Kx2WiHWydtc4yoosRqqGmQ,Brainstorm or assess the Digital Rec Agency concept,WGoJrYTAaREXx8n2Um7NZm,,,incomplete,None,None,- Simon Meyer
6hnRbK1Jm72YjtNBBj6xbb,New office chair,,,,incomplete,None,None,
Ea541vzqeRaXZQD6kZJxkz,Austin work,,,,incomplete,None,None,- Cv > engineering. Stu mate, Rob
- Bar/coffee Halton 
- Network - Benny, Mel, Compono/idibu, Iain, Nic, Louis, 
- Physical - Rickpa, Sam, 
- Thai culture to uk. Muay Thai instructor with language/culture etc. Teach Thai?
- 
LjJCsM4eAFKeSbGtijrEdD,Bitcoin whale tracking,4aBWKnj8TEtRfXtbwzqgkw,,,incomplete,None,None,- It‚Äôs the obvious thing that you should be doing to see what the big people are doing, and you should follow them as Marty says, it‚Äôs so obvious and it‚Äôs there
- Work out how to get the information and get good at tracking it!
fy2uQhc2aQrFVUx34H3e8,Do business brainstorm with Hazel on recruitment?,WGoJrYTAaREXx8n2Um7NZm,,,incomplete,None,None,
EvNVcb9DnMsRzhVMmaHnpT,Buy shelves for Winnie room,,,,incomplete,None,None,
LL3MKMzKDTiuTkXWNGs2B3,Brainstom with AI the best ways to get to 3k pm GBP,WGoJrYTAaREXx8n2Um7NZm,,,incomplete,None,None,- Skill swap with Henry playfoot
JRG4LmRr2gPMpsj6hmRjR5,Kids university debt plan,,,,incomplete,None,None,- Need to work out how they can borrow from institution so it is official debt and not from myself or the family
- See what the plan would be in either the UK or the US
BCYn9Szi8KnH5Jx7WxeoHc,Upgrade add trade + track 2026 so far,4aBWKnj8TEtRfXtbwzqgkw,,,incomplete,None,None,1. Define the definitive tag lists
2. Create the shortcut v2 with inteliigent routing/filtering

Update this years adds as best you can once done

Hedge / income / debit to define if statement?
Entry exit plus chart url
Possibly change entry date and stock price for later entries if doesn‚Äôt slow it down
Separate tags from text entries. Multi select 

Tags can have the accumulated etc if adding it to column is not so good but the to Strat should be excplitly stated

- Add store latest price daily copy at entry and exit with all ta etc
WZyBnKGCFyZ3TPsPgxGWfW,Real-time glucose monitor plus create plan to reduce fasting glucose level if possible,,,,incomplete,None,None,
TNj8yU9pXajUgWCZFG9x6W,OptionStrat > Flyagonal trade,,,,incomplete,None,None,---------- Forwarded message ----------
From: OptionStrat <contact@optionstrat.com>
Date: 29 Dec 2025 at 20:52 +0700
To: steve@stevewalker.net
Subject: Last Monday Of 2025

Õè ‚Äå ¬† ‚Äá Õè ‚Äå ¬† ‚Äá Õè ‚Äå ¬† ‚Äá Õè ‚Äå ¬† ‚Äá Õè ‚Äå ¬† ‚Äá Õè ‚Äå ¬† ‚Äá Õè ‚Äå ¬† ‚Äá Õè ‚Äå ¬† ‚Äá Õè ‚Äå ¬† ‚Äá Õè ‚Äå ¬† ‚Äá Õè ‚Äå ¬† ‚Äá Õè ‚Äå ¬† ‚Äá Õè ‚Äå ¬† ‚Äá Õè ‚Äå ¬† ‚Äá Õè ‚Äå ¬† ‚Äá Õè ‚Äå ¬† ‚Äá Õè ‚Äå ¬† ‚Äá Õè ‚Äå ¬† ‚Äá Õè ‚Äå ¬† ‚Äá Õè ‚Äå ¬† ‚Äá Õè ‚Äå ¬† ‚Äá Õè ‚Äå ¬† ‚Äá Õè ‚Äå ¬† ‚Äá Õè ‚Äå ¬† ‚Äá Õè ‚Äå ¬† ‚Äá Õè ‚Äå ¬† ‚Äá Õè ‚Äå ¬† ‚Äá Õè ‚Äå ¬† ‚Äá Õè ‚Äå ¬† ‚Äá Õè ‚Äå ¬† ‚Äá Õè ‚Äå ¬† ‚Äá Õè ‚Äå ¬† ‚Äá Õè ‚Äå ¬† ‚Äá Õè ‚Äå ¬† ‚Äá Õè ‚Äå ¬† ‚Äá Õè ‚Äå ¬† ‚Äá Õè ‚Äå ¬† ‚Äá Õè ‚Äå ¬† ‚Äá Õè ‚Äå ¬† ‚Äá Õè ‚Äå ¬† ‚Äá Õè ‚Äå ¬† ‚Äá Õè ‚Äå ¬† ‚Äá Õè ‚Äå ¬† ‚Äá Õè ‚Äå ¬† ‚Äá Õè ‚Äå ¬† ‚Äá Õè ‚Äå ¬† ‚Äá Õè ‚Äå ¬† ‚Äá Õè ‚Äå ¬† ‚Äá Õè ‚Äå ¬† ‚Äá Õè ‚Äå ¬† ‚Äá Õè ‚Äå ¬† ‚Äá Õè ‚Äå ¬† ‚Äá Õè ‚Äå ¬† ‚Äá Õè ‚Äå ¬† ‚Äá Õè ‚Äå ¬† ‚Äá Õè ‚Äå ¬† ‚Äá Õè ‚Äå ¬† ‚Äá Õè ‚Äå ¬† ‚Äá Õè ‚Äå ¬† ‚Äá Õè ‚Äå ¬† ‚Äá Õè ‚Äå ¬† ‚Äá Õè ‚Äå ¬† ‚Äá Õè ‚Äå ¬† ‚Äá Õè ‚Äå ¬† ‚Äá Õè ‚Äå ¬† ‚Äá Õè ‚Äå ¬† ‚Äá Õè ‚Äå ¬† ‚Äá Õè ‚Äå ¬† ‚Äá Õè ‚Äå ¬† ‚Äá Õè ‚Äå ¬† ‚Äá Õè ‚Äå ¬† ‚Äá Õè ‚Äå ¬† ‚Äá Õè ‚Äå ¬† ‚Äá Õè ‚Äå ¬† ‚Äá Õè ‚Äå ¬† ‚Äá Õè ‚Äå ¬† ‚Äá Õè ‚Äå ¬† ‚Äá Õè ‚Äå ¬† ‚Äá Õè ‚Äå ¬† ‚Äá Õè ‚Äå ¬† ‚Äá Õè ‚Äå ¬† ‚Äá Õè ‚Äå ¬† ‚Äá Õè ‚Äå ¬† ‚Äá Õè ‚Äå ¬† ‚Äá Õè ‚Äå ¬† ‚Äá Õè ‚Äå ¬† ‚Äá Õè ‚Äå ¬† ‚Äá Õè ‚Äå ¬† ‚Äá Õè ‚Äå ¬† ‚Äá Õè ‚Äå ¬† ‚Äá Õè ‚Äå ¬† ‚Äá Õè ‚Äå ¬† ‚Äá Õè ‚Äå ¬† ‚Äá Õè ‚Äå ¬† ‚Äá Õè ‚Äå ¬† ‚Äá Õè ‚Äå ¬† ‚Äá Õè ‚Äå ¬† ‚Äá Õè ‚Äå ¬† ‚Äá Õè ‚Äå ¬† ‚Äá Õè ‚Äå ¬† ‚Äá Õè ‚Äå ¬† ‚Äá Õè ‚Äå ¬† ‚Äá Õè ‚Äå ¬† ‚Äá Õè ‚Äå ¬† ‚Äá Õè ‚Äå ¬† ‚Äá Õè ‚Äå ¬† ‚Äá Õè ‚Äå ¬† ‚Äá Õè ‚Äå ¬† ‚Äá Õè ‚Äå ¬† ‚Äá Õè ‚Äå ¬† ‚Äá Õè ‚Äå ¬† ‚Äá Õè ‚Äå ¬† ‚Äá Õè ‚Äå ¬† ‚Äá Õè ‚Äå ¬† ‚Äá Õè ‚Äå ¬† ‚Äá Õè ‚Äå ¬† ‚Äá Õè ‚Äå ¬† ‚Äá Õè ‚Äå ¬† ‚Äá Õè ‚Äå ¬† ‚Äá Õè ‚Äå ¬† ‚Äá Õè ‚Äå ¬† ‚Äá Õè ‚Äå ¬† ‚Äá Õè ‚Äå ¬† ‚Äá Õè ‚Äå ¬† ‚Äá Õè ‚Äå ¬† ‚Äá Õè ‚Äå ¬† ‚Äá Õè ‚Äå ¬† ‚Äá Õè ‚Äå ¬† ‚Äá Õè ‚Äå ¬† ‚Äá Õè ‚Äå ¬† ‚Äá Õè ‚Äå ¬† ‚Äá Õè ‚Äå ¬† ‚Äá Õè ‚Äå ¬† ‚Äá Õè ‚Äå ¬† ‚Äá Õè ‚Äå ¬† ‚Äá Õè ‚Äå ¬† ‚Äá Õè ‚Äå ¬† ‚Äá Õè ‚Äå ¬† ‚Äá Õè ‚Äå ¬† ‚Äá Õè ‚Äå ¬† ‚Äá Õè ‚Äå ¬† ‚Äá Õè ‚Äå ¬† ‚Äá Õè ‚Äå ¬† ‚Äá Õè ‚Äå ¬† ‚Äá Õè ‚Äå ¬† ‚Äá Õè ‚Äå ¬† ‚Äá Õè ‚Äå ¬† ‚Äá Õè ‚Äå ¬† ‚Äá Õè ‚Äå ¬† ‚Äá Õè ‚Äå ¬† ‚Äá Õè ‚Äå ¬† ‚Äá Õè ‚Äå ¬† ‚Äá Õè ‚Äå ¬† ‚Äá Õè ‚Äå ¬† ‚Äá Õè ‚Äå ¬† ‚Äá Õè ‚Äå ¬† ‚Äá Õè ‚Äå ¬† ‚Äá Õè ‚Äå ¬† ‚Äá Õè ‚Äå ¬† ‚Äá Õè ‚Äå ¬† ‚Äá Õè ‚Äå ¬† ‚Äá Õè ‚Äå ¬† ‚Äá Õè ‚Äå ¬† ‚Äá Õè ‚Äå ¬† ‚Äá Õè ‚Äå ¬† ‚Äá Õè ‚Äå ¬† ‚Äá Õè ‚Äå ¬† ‚Äá Õè ‚Äå ¬† ‚Äá Õè ‚Äå ¬† ‚Äá Õè ‚Äå ¬† ‚Äá Õè ‚Äå ¬† ‚Äá Õè ‚Äå ¬† ‚Äá Õè ‚Äå ¬† ‚Äá Õè ‚Äå ¬† ‚Äá Õè ‚Äå ¬† ‚Äá Õè ‚Äå ¬† ‚Äá Õè ‚Äå ¬† ‚Äá Õè ‚Äå ¬† ‚Äá Õè ‚Äå ¬† ‚Äá Õè ‚Äå ¬† ‚Äá Õè ‚Äå ¬† ‚Äá Õè ‚Äå ¬† ‚Äá Õè ‚Äå ¬† ‚Äá Õè ‚Äå ¬† ‚Äá Õè ‚Äå ¬† ‚Äá Õè ‚Äå ¬† ‚Äá Õè ‚Äå ¬† ‚Äá Õè ‚Äå ¬† ‚Äá Õè ‚Äå ¬† ‚Äá Õè ‚Äå ¬† ‚Äá Õè ‚Äå ¬† ‚Äá Õè ‚Äå ¬† ‚Äá Õè ‚Äå ¬† ‚Äá Õè ‚Äå ¬† ‚Äá Õè ‚Äå ¬† ‚Äá Õè ‚Äå ¬† ‚Äá Õè ‚Äå ¬† ‚Äá Õè ‚Äå ¬† ‚Äá Õè ‚Äå ¬† ‚Äá Õè ‚Äå ¬† ‚Äá Õè ‚Äå ¬† ‚Äá Õè ‚Äå ¬† ‚Äá Õè ‚Äå ¬† ‚Äá Õè ‚Äå ¬† ‚Äá Õè ‚Äå ¬† ‚Äá Õè ‚Äå ¬† ‚Äá Õè ‚Äå ¬† ‚Äá Õè ‚Äå ¬† ‚Äá Õè ‚Äå ¬† ‚Äá Õè ‚Äå ¬† ‚Äá Õè ‚Äå ¬† ‚Äá Õè ‚Äå ¬† ‚Äá Õè ‚Äå ¬† ‚Äá Õè ‚Äå ¬† ‚Äá Õè ‚Äå ¬† ‚Äá Õè ‚Äå ¬† ‚Äá Õè ‚Äå ¬† ‚Äá Õè ‚Äå ¬† ‚Äá Õè ‚Äå ¬† ‚Äá Õè ‚Äå ¬† ‚Äá Õè ‚Äå ¬† ‚Äá Õè ‚Äå ¬† ‚Äá Õè ‚Äå ¬† ‚Äá Õè ‚Äå ¬† ‚Äá Õè ‚Äå ¬† ‚Äá Õè ‚Äå ¬† ‚Äá Õè ‚Äå ¬† ‚Äá Õè ‚Äå ¬† ‚Äá Õè ‚Äå ¬† ‚Äá Õè ‚Äå ¬† ‚Äá Õè ‚Äå ¬† ‚Äá Õè ‚Äå ¬† ‚Äá Õè ‚Äå ¬† ‚Äá Õè ‚Äå ¬† ‚Äá Õè ‚Äå ¬† ‚Äá Õè ‚Äå ¬† ‚Äá Õè ‚Äå ¬† ‚Äá Õè ‚Äå ¬† ‚Äá Õè ‚Äå ¬† ‚Äá Õè ‚Äå ¬† ‚Äá Õè ‚Äå ¬† ‚Äá Õè ‚Äå ¬† ‚Äá Õè ‚Äå ¬† ‚Äá Õè ‚Äå ¬† ‚Äá Õè ‚Äå ¬† ‚Äá Õè ‚Äå ¬† ‚Äá Õè ‚Äå ¬† ‚Äá Õè ‚Äå ¬† ‚Äá Õè ‚Äå ¬† ‚Äá Õè ‚Äå ¬† ‚Äá Õè ‚Äå ¬† ‚Äá Õè ‚Äå ¬† ‚Äá Õè ‚Äå ¬† ‚Äá Õè ‚Äå ¬† ‚Äá Õè ‚Äå ¬† ‚Äá Õè ‚Äå ¬† ‚Äá Õè ‚Äå ¬† ‚Äá Õè ‚Äå ¬† ‚Äá Õè ‚Äå ¬† ‚Äá Õè ‚Äå ¬† ‚Äá Õè ‚Äå ¬† ‚Äá Õè ‚Äå ¬† ‚Äá Õè ‚Äå ¬† ‚Äá Õè ‚Äå ¬† ‚Äá Õè ‚Äå ¬† ‚Äá Õè ‚Äå ¬† ‚Äá Õè ‚Äå ¬† ‚Äá Õè ‚Äå ¬† ‚Äá Õè ‚Äå ¬† ‚Äá Õè ‚Äå ¬† ‚Äá Õè ‚Äå ¬† ‚Äá Õè ‚Äå ¬† ‚Äá Õè ‚Äå ¬† ‚Äá Õè ‚Äå ¬† ‚Äá Õè ‚Äå ¬† ‚Äá Õè ‚Äå ¬† ‚Äá Õè ‚Äå ¬† ‚Äá Õè ‚Äå ¬† ‚Äá Õè ‚Äå ¬† ‚Äá Õè ‚Äå ¬† ‚Äá Õè ‚Äå ¬† ‚Äá Õè ‚Äå ¬† ‚Äá Õè ‚Äå ¬† ‚Äá Õè ‚Äå ¬† ‚Äá Õè ‚Äå ¬† ‚Äá Õè ‚Äå ¬† ‚Äá Õè ‚Äå ¬† ‚Äá Õè ‚Äå ¬† ‚Äá Õè ‚Äå ¬† ‚Äá Õè ‚Äå ¬† ‚Äá Õè ‚Äå ¬† ‚Äá Õè ‚Äå ¬† ‚Äá Õè ‚Äå ¬† ‚Äá Õè ‚Äå ¬† ‚Äá Õè ‚Äå ¬† ‚Äá Õè ‚Äå ¬† ‚Äá Õè ‚Äå ¬† ‚Äá Õè ‚Äå ¬† ‚Äá Õè ‚Äå ¬† ‚Äá Õè ‚Äå ¬† ‚Äá Õè ‚Äå ¬† ‚Äá Õè ‚Äå ¬† ‚Äá Õè ‚Äå ¬† ‚Äá Õè ‚Äå ¬† ‚Äá Õè ‚Äå ¬† ‚Äá Õè ‚Äå ¬† ‚Äá Õè ‚Äå ¬† ‚Äá Õè ‚Äå ¬† ‚Äá Õè ‚Äå ¬† ‚Äá Õè ‚Äå ¬† ‚Äá Õè ‚Äå ¬† ‚Äá Õè ‚Äå ¬† ‚Äá Õè ‚Äå ¬† ‚Äá Õè ‚Äå ¬† ‚Äá Õè ‚Äå ¬† ‚Äá Õè ‚Äå ¬† ‚Äá Õè ‚Äå ¬† ‚Äá Õè ‚Äå ¬† ‚Äá Õè ‚Äå ¬† ‚Äá Õè ‚Äå ¬† ‚Äá¬≠ ¬≠ ¬≠ ¬≠ ¬≠ ¬≠ ¬≠ ¬≠ ¬≠ ¬≠ ¬≠ ¬≠ ¬≠ ¬≠ ¬≠ ¬≠ ¬≠ ¬≠ ¬≠ ¬≠ ¬≠ ¬≠ ¬≠ ¬≠ ¬≠ ¬≠ ¬≠ ¬≠ ¬≠ ¬≠ ¬≠ ¬≠ ¬≠ ¬≠ ¬≠ ¬≠ ¬≠ ¬≠ ¬≠ ¬≠ ¬≠ ¬≠ ¬≠ ¬≠ ¬≠ ¬≠ ¬≠ ¬≠ ¬≠ ¬≠ ¬≠ ¬≠ ¬≠ ¬≠ ¬≠ ¬≠ ¬≠ ¬≠ ¬≠ ¬≠ ¬≠ ¬≠ ¬≠ ¬≠ ¬≠ ¬≠ ¬≠ ¬≠ ¬≠ ¬≠ ¬≠ ¬≠ ¬≠ ¬≠ ¬≠ ¬≠ ¬≠ ¬≠ ¬≠ ¬≠ ¬≠ ¬≠ ¬≠ ¬≠ ¬≠ ¬≠ ¬≠ ¬≠ ¬≠ ¬≠ ¬≠ ¬≠ ¬≠ ¬≠ ¬≠ ¬≠ ¬≠ ¬≠ ¬≠ ¬≠ ¬≠ ¬≠ ¬≠ ¬≠ ¬≠ ¬≠ ¬≠ ¬≠ ¬≠ ¬≠ ¬≠ ¬≠ ¬≠ ¬≠ ¬≠ ¬≠ ¬≠ ¬≠ ¬≠ ¬≠ ¬≠ ¬≠ ¬≠ ¬≠ ¬≠ ¬≠ ¬≠ ¬≠ ¬≠ ¬≠ ¬≠ ¬≠ ¬≠ ¬≠ ¬≠ ¬≠ ¬≠ ¬≠ ¬≠ ¬≠ ¬≠ ¬≠ ¬≠ ¬≠ ¬≠ ¬≠ ¬≠ ¬≠ ¬≠ ¬≠ ¬≠ ¬≠ ¬≠ ¬≠ ¬≠ ¬≠ ¬≠ ¬≠ ¬≠ ¬≠ ¬≠ ¬≠ ¬≠ ¬≠ ¬≠ ¬≠ ¬≠ ¬≠ ¬≠ ¬≠ ¬≠ ¬≠ ¬≠ ¬≠ ¬≠ ¬≠ ¬≠ ¬≠ ¬≠ ¬≠ ¬≠ ¬≠ ¬≠ ¬≠ ¬≠ ¬≠ ¬≠ ¬≠ ¬≠ ¬≠ ¬≠ ¬≠ ¬≠ ¬≠ ¬≠ ¬≠ ¬≠ ¬≠ ¬≠ ¬≠ ¬≠ ¬≠ ¬≠ ¬≠ ¬≠ ¬≠ ¬≠ ¬≠ ¬≠ ¬≠ ¬≠ ¬≠ ¬≠ ¬≠ ¬≠ ¬≠ ¬≠ ¬≠ ¬≠ ¬≠ ¬≠ ¬≠ ¬≠ ¬≠ ¬≠ ¬≠ ¬≠ ¬≠ ¬≠ ¬≠ ¬≠ ¬≠ ¬≠ ¬≠ ¬≠ ¬≠ ¬≠ ¬≠ ¬≠ ¬≠ ¬≠ ¬≠ ¬≠ ¬≠ ¬≠ ¬≠ ¬≠ ¬≠ ¬≠ ¬≠ ¬≠ ¬≠ ¬≠ ¬≠ ¬≠ ¬≠ ¬≠ ¬≠ ¬≠ ¬≠ ¬≠ ¬≠ ¬≠ ¬≠ ¬≠ ¬≠ ¬≠ ¬≠ ¬≠ ¬≠ ¬≠ ¬≠ ¬≠ ¬≠ ¬≠ ¬≠ ¬≠ ¬≠ ¬≠ ¬≠ ¬≠ ¬≠
>
View this email in your browser
>
Happy Monday Morning Traders!
Quick favor‚Äîadd contact@optionstrat.com to your contacts so we don't end up in your spam folder with all those "hot stock tip" emails.
>
YouTube:
Most traders are still out until New Year's, but gold just created a pattern that could mean big moves in January. The S&P is moving sideways between 6,700 and 6,900, the Russell 2000 just broke through to brand new highs, and gold could be heading toward record territory.
>
Market fear is super low + barely anyone's trading = smart time to position yourself while everyone else is checked out. Last week, Steve's weekend update, was all about the "flyagonal" strategy crush

‚úâÔ∏è message:%3Cd001a46c6fac384804c7a7136.d8089d3f55.20251229135118.18dda9a01a.d5c1dfd4@mail66.atl51.rsgsv.net%3E
EwgB5Gb1Bz43aWM5d6PqGf,Reread A day on the life of Ivan Dinisovich ,,,,incomplete,None,None,
3CfUCAzoSLECcMZ1t9ot6S,Write out your new salary payment plan plus any implementation measures,,,,incomplete,None,None,Write out your agreed plan plus any extra implementation measures


- Create an AI prompt and do deep research on creating the best model
- Think about lowering risk by not piping too much through crypto to Revolut for example 
- Make sure you have a process that doesn‚Äôt create stress during bear markets
- Work through the borrow money versus sell assets, look at what you did with ByBit August, does it make sense, and how and when do you structure it
- Finally, make sure it is easy to manage each month. Right now you are manually allocating where you will take cash from and it creates a cognitive stress, get rid of it
- Important to understand how pro traders do this, and to make a robust multi year plan against annual and monthly requirements 
DvLaia4uUcdVuBQdJzJVnK,Fwd: VAT account,K2xAr52MmusgWgwE7gZQYT,,,incomplete,None,2026-02-20,---------- Forwarded message ----------
From: Katie Marsh <Katie.Marsh@apsaccountancy.co.uk>
Date: 10 Feb 2026 at 17:20 +0700
To: Martin Bramall <martin.bramall@idibu.com>, Steve Walker <steve@idibu.com>
Subject: VAT account

Hi Martin, Steve,
>
We have become aware of a criminal scheme whereby fraudsters create a Government Gateway ID with HMRC, pretending to be a business owner, and submit false VAT returns to try and obtain large refunds. This is an attempt to claim money from HMRC, not to take any money from the affected business, however it does cause problems for the business as they are unable to submit their own VAT returns until the problem is resolved.
>
This most commonly affects businesses who have been VAT registered for three years or more and may not have their own Government Gateway ID for VAT.
>
HMRC regularly recognises these attempts and writes to affected businesses with instructions on how to recover their accounts. If you receive a letter from HMRC entitled ‚ÄòFraudulent Access to your Business Tax Account‚Äô please do not ignore it, and do follow the instructions in the letter.
>
Our recommendation to all of our VAT registered clients is as follows:
>
‚Ä¢ If you have a Government Gateway (Business Tax) account, please log in to it and check all of your details are correct and up to date including contact numbers/addresses and bank details if applicable.
‚Ä¢ If you do not have a Business Tax account, you should set one up and link your VAT to it.
>
>
To set up a Business Tax account:
>
Click on the following link: Sign in using Government Gateway - Government Gateway - GOV.UK
Under the login box, select ‚ÄòCreate sign in details‚Äô.
You will be prompted to enter your email address, name and some other basic details before HMRC will issue a Government Gateway ID which is a 12 digit number and will be sent to the email address you provided.
It is very important you keep the Government Gateway ID safe as you will need this to log in to your account in future.
>
To add VAT to your Business Tax account:
>
If you already have a Business Tax account but have not linked VAT to it you can click ‚ÄòManage account‚Äô and ‚Äòadd a tax to your account‚Äô then follow the instructions below.
>
If you have set up a new account, the first time you log in you will be prompted to add a tax to your account:
>
‚Ä¢ Select ‚ÄòVAT and VAT services‚Äô and click continue
‚Ä¢ Select ‚ÄòVAT‚Äô and click continue
‚Ä¢ You will need the following details to add VAT; please contact us if you are unable to find any of them:
    ‚Ä¢ VAT number, registration date, and postcode of your registered business address.
    ‚Ä¢ The ending month and box 5 figure from your latest VAT return.
>
>
This will link VAT to your Business Tax account so you will be able to see your VAT returns, deadlines and amounts due, as well as adding your bank details to allow for quicker refunds if applicable. You can also then add other taxes to your account such as corporation tax and PAYE and track these too.
>
If it fails and you receive the message ‚ÄúThis business‚Äôs VAT has already been added to another business tax account‚Äù then please search your emails for a previously issued Government Gateway ID. If you still cannot link VAT to an account of your own please notify APS, so we can check if you have been affected, and call HMRC VAT online services helpdesk on 0300 200 3701 to recover your account.
>
If you have any questions please contact me.
>
Regards,
>
Katie Marsh
Senior Accountant
APS Accountancy Limited
>
APS Accountancy are pleased to provide all of our clients Tax Enquiry Fee Protection Insurance, protecting you from accountancy fees associated in dealing with any HMRC enquiry or dispute.
>
Grow, manage & protect your business in total confidence
My Business Hub gives access to real-time updated expertise on all key business areas, including HR, Health & Safety and Legal.
For more information please see our website.¬† Or for access to M

‚úâÔ∏è message:%3C676bea9312624bcb9288abcc0aaac097@MX4.micloud5.com%3E
CJsgLy3NceBo3SDgSA8Hp6,XLI Mar 20th 171/180 Bull Call Spread x8 ToS IDEA,NDxtBkG318EWXYMKKcyd5U,,,incomplete,None,None,Trade idea: 2026-02-12T17:52:54.850Z
BULLISH OPENING TRADE IDEA:

$XLI the industrials are a standout sector and pulling back today. Let's try our hand at a call spread expiring in March:

BUY +1 VERTICAL XLI 100 20 MAR 26 171/180 CALL @4.45 LMT

That's not a typo; we're buying the $171/180 call spread (not $170) due to the much higher open interest.

We'll set a 50% stop and first profit target on this play.

Optional: If you want the extra risk, cost and potential reward, simply buy the $171 call.
Y3CAaiusHTxA6AM26ZeZxp,Check out health insurance would cover ongoing medicine pills like Dad,,,,incomplete,None,None,
StcHPztdHnDtxvwF8cZvc8,stevewalker.net domain renewal is 18/12/32,,,,incomplete,None,2030-02-01,dont forget!
MALmQdhvpBrpVrvjooaixr,Share books with kids via kindle and Apple,,,,incomplete,None,None,
UjvuUWuLjCrdEdfegb29uU,Update LinkedIn profile for longer term positioning,,,,incomplete,None,None,- Create a really positive story about where you‚Äôve came from, mistake mistakes made, and where you are now
- Create an honest position which sets you up well for potential future side gigs without any hard sell
3pEFXnNhWjPxBizE7PWtYp,Trading View currently renews Jun 13, 2027,,,,incomplete,None,2027-01-04,You probably already renewed, if not check. this as charges wil be high
95Rv6X7Cs1f161tEVWD8yv,CLS Mar 20th 210/240 Bull Put Spread x1 ToS IDEA,NDxtBkG318EWXYMKKcyd5U,,,incomplete,None,None,
8fuquiuMdZeojbLU8hswDS,Create Thai Will instructions and email to K Piti,,,,incomplete,None,None,
7sqtHz7Nde4tponVwjmTuT,Trust setup,,,,incomplete,None,None,- Descretionary trust
- 18-25 trust

Kalpana - trusts where you have trustees, its very flexible
Trustees have to do annual meetings, so there is overheads for them

Income is taxed at 37%, but it can be reclaimed - every 10 years a charge of 6% of whatever is in the trust, also an exit charge 4.2%

House as was residence is zero band‚Ä¶
MN5pSScaxAW43WejHtBgnK,Sell talentmanagementsoftware.co.uk,,,,incomplete,None,None,
BeVKXGwg2LqzGAR25jQhpZ,Order helmet inside for Shoie,,,,incomplete,None,None,
EB1EKbkRMbLaCQE6qAvNL5,‚òï Daily Portfolio Pulse (15m),,RNVWsc89xSsDVCpFHd372g,,incomplete,None,None,**1. The Red Light Check**
- [ ] **Income Governor:** Is it RED? (NO new income risk).
- [ ] **Core Exposure:** Is Unhedged TSLA/BTC > Limit?

**2. The Garden Walk**
- [ ] **Shield Check:** Is the Hedge Ammeter RED (Cheap Vol)? -> **Buy Protection.**
- [ ] **Hunter Check:** Move stops up on winning debit trades.
- [ ] **Income Check:** Any tested strikes? (Delta > 0.30?).

**3. The Sniff Test**
- [ ] Any alerts overnight? Deep work needed? (Yes/No).
RYmAsE86Nz4KEcs2g66G1d,Add statement of intent on HQ dash,,,,incomplete,None,None,‚ÄúQ1 2026 - Maintain a 10-20% cash post with a view to increasing exposure on any grey/black swan pullbacks‚Äù
WtvuaSGqkJfLQJbh5wiviz,Plan TSLA leap tp levels and timeframes ,,,,incomplete,None,None,
U6vjeGQR4KiZqKGKfLbDQ,Existing responsibilities list,,,,incomplete,None,None,- Bank payments
- Data protection officer, registered at ICO
- Some domain names
- R&D tax claims
- Occasional team support and app access
- Expense cards via Soldo
- Director of business still, which has legal obligations 
- 
Q41UyihZtsFcJCfuhrd6kX,The Peripheral,,,,incomplete,None,None,
17cQgQJg1pNYYws8NLb7AP,Kalpana > suggests getting some advice on international tax reduction,,,,incomplete,None,None,
EwK1vG52TPYD94wLiVXfbW,Chill out front garden furniture with umbrella ,,,,incomplete,None,None,
Ub5jPXZa93e2xL6RrbUqEe,Keep/cancel Fitbod subscription?,,,,incomplete,None,2026-10-13,Renews 19 October 
XHCzmo6Cpf5RHzg88onuk9,S phrases improvements < make a plan and do it!,,RNVWsc89xSsDVCpFHd372g,,incomplete,None,None,
13gpVuPDBq5NtffLu2cZHL,Annual directdebit check list - Kasikorn,,,,incomplete,None,2026-07-15,This is the current list of DDs that should be on Kasi:


- Security: 2.5k on 4th - Oct 25
- Garden: 2.5k on 25th - exp  July 26 
- Health Ins: 7532.13 - exp Aug 2026
- Community fee: Nov 26 < paid on the 28th of each month 1825
- Pool Maintenance - exp Dec 26 > 9272230299 scb < 2k pm, paid on 3rd
BGZuMBZ5PWsuDFQvr1JaM3,Change Safe code when back from UK,,,,incomplete,None,None,Bought https://1010security.com/change-chubb7l51.html

Do it when you are back from UK
3BnutJvVeB8JrEQSVb1zyL,Investigate Skiing Holiday,,,,incomplete,None,None,the white stuff
About $2.5k pp for 7 days?
https://grok.com/share/bGVnYWN5_f9c557ea-f22d-4e22-86f5-228d17a88968
81VMGsEWTBScVJugErmPZx,Look at harnessing prediction markets to get market information,,,,incomplete,None,None,Mando was talking about how he is looking into it, prediction market is very accurate predictors of what happens typically, how could you automatically get notified of high likelihood of certain events happening which could affect the
4a8gpir3B3zB91RQJCUyen,Repair basement plug ,FFE7gNHXPW9DcE6j9Cd6zi,,,incomplete,None,None,
SdxjGrshcWnhk16ScuMxyo,Andreas golf ,,,,incomplete,None,None,
QEDAZoQ1PLGgtEqsSfpEx8,Investigate life insurance ,4NkqEciJZzJxrkabAzgkWz,,,incomplete,None,None,
X8Cf88ZdEUdiKLoJ2GJrRF,Mindfulness + morning/evening discipline ,,,,incomplete,None,None,- Keeping stress low is a key part of your ongoing focus. There will be more family illness in time and you must stay level throughout it
- Daily meditation is one key
- Ice + Yoga + Meditation in morning is an ongoing focus
- 30 mins of unplugging and winding down without a screen in the evening should be a normal pattern. No Netflix 30 mins before switching off the lights. 
RpCTvLxMrU46kjfCdGgztg,Arrange colonoscopy now you‚Äôre 50,,,,incomplete,None,None,
JnCSC7h7zjYTc92nCvs4cz,Invest/trade using The Boss as your mentor,,,,incomplete,None,None,- A rule based boss that will help you protect capital and take profit
- Develop option trading expertise. You did well in 2025, now push harder
ECv4W5LTaCNDrcAVJqRhKE,Create uk travel on days allowance tracker,,,,incomplete,None,None,- Use gsheets
- Add the thresholds of the 90 and 183 days 
- Show started dates etc for each year 
- Track your entries and exits with some overall annual plan
5qCSKzukT2cWMS1T61npAZ,Fwd: Your Blood Test Results from Transcend Clinic,,,,incomplete,None,None,---------- Forwarded message ----------
From: Panu Sivarapornsakul <pan.doctortrt@gmail.com>
Date: Apr 11, 2025 at 10:55 +0700
To: Steve Walker <steve@stevewalker.net>
Subject: Your Blood Test Results from Transcend Clinic

Dear Mr. Walker,
I hope you're doing well.
I‚Äôve reviewed your recent blood test results from the male hormone panel. The official lab report is attached to this email for your reference.
Here is a summary of your results, along with some brief explanations:
>
‚Ä¢ > Total Testosterone: 534 ng/dL
This is an improvement from your previous result. Total testosterone reflects the overall amount of testosterone in your blood.
‚Ä¢ > Free Testosterone: 8.59 ng/dL
Bioavailable Testosterone: 208 ng/dL
Both markers have improved as well. Free testosterone is the active form available to your body, while bioavailable testosterone includes the free form plus what is loosely bound to albumin.
‚Ä¢ > LH (Luteinizing Hormone): 3.03 mIU/mL
This is a normal value. LH plays a key role in signaling the testes to produce testosterone.
‚Ä¢ > Estradiol: 21 pg/mL
This is within the normal range. Maintaining balanced estradiol levels is important for mood, libido, and cardiovascular health.
‚Ä¢ > SHBG (Sex Hormone Binding Globulin): 49.6 nmol/L
This is also within the normal range. SHBG regulates the amount of free testosterone in circulation.
‚Ä¢ > PSA (Prostate-Specific Antigen): 0.15 ng/mL
This is a low and healthy value, indicating no concern for prostate inflammation or enlargement at this time.
>
Overall, these results show meaningful improvement across the board. Whatever lifestyle changes or routine you've been following, please keep it up. You're on the right track.
If you have any questions or concerns, feel free to reach out. I‚Äôm happy to discuss further or schedule a follow-up if needed.
Best regards,
Dr. Panu Sivarapornsakul
Transcend Clinic

‚úâÔ∏è message:%3CCADn8ippLccjchJoi6tXuyLh9X33cUqBkNiG_aFUhUF2adVN3KA@mail.gmail.com%3E
W2wzQ4FiaHdHDxJSxvZAHu,Checkout The way and the power > Book,,,,incomplete,None,None,
Tm1ApNmfQTcKEbwcB5dVJz,BTC - plan hodl vs trade % splits for yourself + H etc,,,,incomplete,None,None,- what are your different levels, needs defining so you can be happy with whatever you hold through a bear market
- This needs to be combined with your portfolio planning updates I think 
jvcU63oR16Y2gyonky3q4,Keep/cancel Todoist - annual renew,8sbFM3KfXqRi4oXXHL9hra,,,incomplete,None,2026-02-24,
WUei4QHfDPYuLMumaPqJAJ,Investigate Grok trading via clawdebot,4aBWKnj8TEtRfXtbwzqgkw,,,incomplete,None,None,
AeuSecR5LvYC3NnSroBWRR,Car tax expires on 24th May, renew time ,,,,incomplete,None,2026-05-04,
7o3NHz9ya21MUfNRXZx9ZR,Develop updated daily routine that manages stress plus us market opening times,,,,incomplete,None,None,
BnTJ7LNxpq8Qv5WCXPzZ1B,Book TM course ,,,,incomplete,None,None,
41W3M6HjX2pPxoxZYidWA9,Your Will (WAL535/1),,,,incomplete,None,2030-01-01,‚úâÔ∏è Kalpana Curl: "FW: Your New Will (WAL535/1)"
message:%3Ca6393f5e80cb47abbb65394a2d454fc7@kiddrapinet.co.uk%3E

- requires review before 6 years‚Ä¶
JMfgLgfuKBaa1ZpweF2ra1,Work out why the Corrine sale didnt execute flat on NW, try to fix it,,,,incomplete,None,None,
X8HXTQwiZAvC249RrVn18y,üìö Core Reading List (Psychology First),,,,incomplete,None,None,
CwHwb1qZc9Ko3kBLyTRoB3,Appreciate you have everything you need,,,,incomplete,None,None,- You own your house and it is a lovely place to live
- You don‚Äôt have to travel, to live in an amazing place
- You don‚Äôt need to grow capital aggressively, you have the luxury of enough capital that you can take your time. 
C5isUdr9LHrgVX176aEEcy,Print Flo MUN photo,,,,incomplete,None,None,
WffisRBi1vwUwRELCrzRjR,Current stock position monitoring and analysis + warnings,,,,incomplete,None,None,Monday report ready for your planning (need to tweak when processing from works so we get Friday in)
51iSajkoBquo3bkkkd6obh,Take 6 month contract in the US/UK for high paid work,,,,incomplete,None,None,- Summer with the family?
- Only makes sense if accommodation is included as this is to stack school fee money
HCKryib2dykJJmM4qkmQpw,Fwd: Folder shared with you: "Stevie",,,,incomplete,None,None,---------- Forwarded message ----------
From: wax oval (via Google Drive) <drive-shares-dm-noreply@google.com>
Date: 15 Oct 2024 at 12:11 +0100
To: steve@stevewalker.net
Subject: Folder shared with you: "Stevie"

wax oval shared a folder
wax oval (waxoval@gmail.com) has invited you to contribute to the following shared folder:
Stevie
Open
If you don't want to receive files from this person, block the sender from Drive
Google LLC, 1600 Amphitheatre Parkway, Mountain View, CA 94043, USA
You have received this email because waxoval@gmail.com shared a file or folder located in Google Drive with you.

‚úâÔ∏è message:%3Cautogen-java-d6f29eaa-fb24-45d5-a6b2-4bbdd0352868@google.com%3E
L121ddnbHSkn1ezizBuhVE,Small losses and drawdowns, no margin devastation ,,,,incomplete,None,None,- The boss will help with this but you had the biggest drawdowns ever in 2025
- You fucked up twice with margin that created ult worst months (Feb, Oct). Never again. 
- The D&V fund did well thanks to no margin, do not forget this 
NBCndrCZr7dP8SySmP5Gu4,üìê Technical Skill: Wycoff Accumulation,,,,incomplete,None,None,Understand Wycoff accumulation and how to use it for entries.
7C9hAV3DBtvLjvw1aoThYh,The Musk Protocol: Optimization & Automation Review,,,,incomplete,None,None,**Objective:** Apply first principles to the current trading workflow. "If Elon ran this desk, he wouldn't day trade. He would build an algo."

**The 3 Questions to Answer:**
1. **Delete:** What manual task am I doing weekly that adds zero P&L? (e.g., manually checking "safe" deltas).
2. **Automate:** What decision is purely logic-based? (e.g., "If VIX < 12, size down"). Can n8n do this?
3. **Systematize:** Where am I "guessing" instead of "following a rule"?

**Goal:**
Identify ONE manual habit to kill this week to create more "free thinking time."
EuAtTPqqGdYgvZEfgovhAh,Get Income Trader boss fully working with needed end points,,,,incomplete,None,None,
GiqXLdEjwRUUzwU9XHPoxn,üåä Skill: Order Flow & Silent Positions,,,,incomplete,None,None,Using your existing platforms, get AI to train you on using order flow to identify where players are creating silent positions.

Create a workflow to identify when checking order flows is a worthwhile investment of time.
APBFufFtvuJGxgroPPYfzG,Create garage project plan,,,,incomplete,None,None,- Proper shelving
- Bike rack
- Air con working
- Bar stool for work table
- Clear work table
- Give away washing machine and microwave plus any other misc items
- Tools on wall and everything in its place 
UaoHJ1uo8iBhnGTD8FXkgs,Get Hedge Manager fully working with needed end points,,,,incomplete,None,None,
SBATTDX7xQdp1NgPmsU8Ao,üìê Technical Skill: Fibonacci Retracements,,,,incomplete,None,None,Do tutorials on using Fibs properly for target setting.
5XuxzXDfSJar4iLzLnJzkC,Agents to setup,,,,incomplete,None,None,
NecsbSwqk4ZCb7mHzZigRN,Plan IB(H) allocs better,,,,incomplete,None,2026-02-19,
GH2qBNQGimNEu5K35migej,Offshore bank accounts - need to find jurisdiction and whether it can be defined under my UK will,,,,incomplete,None,None,Talk to the banks about this, can it be tied to my UK will
TTN4wMArVSEEbteGpJp8J1,Need some tax planning so the kids would inherit (as they‚Äôd inherit in Thailand),,,,incomplete,None,None,
X3Ln9prNawJQ4ppFeNfWjX,Need to get a financial advisor on trusts and optimisaiton for tax and the kids,,,,incomplete,None,None,
SDJqxxxau8Zba78h2MPmJg,Keep or cancel PlayStation subscription renewing on 1st Jan ,,,,incomplete,None,2026-12-21,Still using it? Change to monthly etc? It‚Äôs annual renewal. 
X2Q58boTx8oMZzq3GQHqzS,Downgrade Option Strat or keep the higher subscription?,,,,incomplete,None,2026-05-22,Maybe downgrade for a few days to see if they send a discount offer?

Renews 25th
UiXhMCh6XwGSoHNakPFrnF,Renew visa time approaching - 5th May expiry,,,,incomplete,None,2026-04-14,
5E15cGG9iPwJnRWKDet7E2,Find Flo some public speaking training,,,,incomplete,None,None,https://www.city-academy.com/public-speaking-course
Messaged Nic and Benny
7NZLpUHuYd7uXd9J3Dx1hQ,Print some of the old photos,,,,incomplete,None,None,- Picks few that clean up well with ai
- Print and frame!
X9ZHcQujFJ8FAkX7DHLEaN,90 day check in!,,,,incomplete,None,2026-04-27,
Sj2SirArJ5pqhnqPodTfvy,Keep/cancel subscription at https://welltory.com,,,,incomplete,None,2026-10-12,You subscribed via the website, if you really like it then you can always go for a lifetime one, cancel the subscription and I‚Äôm sure they‚Äôll offer a big discount, else just cancel it
3iZiwPEnRChJr6wp7WTX5M,Understanding where the puck is going to be in the coming 6 to 12 months,,,,incomplete,None,None,- Analyse market position and look at what does well if it continues to go up i.e. what are the assets that should follow the leaders to do well?
- Look at what we‚Äôll do well if the market goes down and how to create some hedge and protection
XB6jAQninV5E8MkSb3gL8o,üéì Study: Trading Option Greeks,,,,incomplete,None,None,Deep dive into Greeks management.
FynWvLNdFsafab7Sp4s1V9,Widget: current month pnl),,,,incomplete,None,None,**Data:** Sum `realized_pnl` (Current Month) for ALL Accounts (ToS + IB-S + IB-C).
**Target:** Global Monthly Goal (e.g., 1% of Total Empire Capital).
**Visual:** Progress Bar.
**Why:** Breaks down silos. Tracks the total cash banking of the operation.
Gq55f8gH3DAk5ErULPMyjp,API import of balances,,,,incomplete,None,None,Use https://snaptrade.com to do a nightly import for you

Why: You absolutely need this. The new "Capital Capacity Gauge" and "Global Factory Output" widgets rely on summing up Net Liquidity and Margin Used across ToS, IB-S, and IB-C. Without this API fetch, your "Global HUD" goes dark.
7AmSJRCJ1a7ZnhoQMuHaze,Do not get distracted with side gigs,,,,incomplete,None,None,- Focus fully on The Boss project and see your performance 
- Take a view at the end of the year whether it is sustainable or not
- Let side gigs come to you, they must be well paid and time efficient 
NUVX3Yzx7aFNTJb4JfKy3R,Identity one new skill to develop in 2026,,,,incomplete,None,None,- In 2025 you failed to learn Thai, practice music, reduce cake consumption et cetera, so no point just to list these again 2026
- You may focus on turning the garage into a workshop for example, is this what you want to do?
- Take some time to identify an interesting hobby would be to develop, then focus on it as opposed to listening too much inside this happiness section for 2026
Jfgk59cwt28uYeSNVoBgjV,Key habits/targets for health,,,,incomplete,None,None,- Maintain weight under 77kg (aim for 75)
- Yoga fit! 20+ min morning sessions 5x per week
- Start day with ice bath
- No coffee before 10.00, max 2 cups per day


‚Äî- notes from 2025 weight task:
You did great with no alcohol and seeing your weight get down 75kg. Now you need to maintain it!

2024 notes:
In 2022 you got fat. Full stop. Why? Alcohol and poor eating routines. 

Where will this end up? Only fatter and with increased health issues. What will you do about it?

You have to stop drinking. You need to fast regularly or some other disciplined approach. You must weigh yourself every day to stay on top on it all. 

Do it!
DCvp9JLzhbTRkhyQf5cxT4,3BB service review time,,,,incomplete,None,2026-12-21,- Jan 10 you agreed 30% discount for one year which is 899 pm
- Call then to agree a renewed pack as it will go back to previous billing after 10 Jan 2027
6k7du4gRu4b4NGz4opJdYw,Trade research prompts https://x.com/socialwithaayan/status/2016110443149049977?s=46&t=z9M3rjY7BL-SheEJi-oe0A,44UNYhK7WBCRma1mz4ike4,,,incomplete,None,None,
JpLogTgniFbDs3Vxy5Mdfv,ChatGPT cancel sub?,,,,incomplete,None,2026-03-12,They gave one month free from 15 Feb but cancel of that is your plan to keep only gem, grok, Claude
5wVpvy5xfaXDVU38RqnEBE,Financial Advisor personality,,,,incomplete,None,None,- plan kids school fees for example
- retire on thinking‚Ä¶
6T4U9NWQ68EP5973857H56,Add new most important bot to have and define end points needed,,,,incomplete,None,None,- lets do it step by step with signed off end points for each bot, instead of the big generic rollout
FQAD4gnEdJHWnttPhpUdJ1,Isolate school fees as a separate expense and plan allocations accordingly,,,,incomplete,None,None,- Reduce overall stress by compartmentalising this
- You income trading now only needs to hit 3-4K to cover your basic costs 
XhTteCwEfWCeGycaZsddeG,Download audio books and stop audible subscription?,SHgJgCHJs6hQNt624nkouK,,,incomplete,None,None,
S3wk16vLD8knYj6UVNvxeM,Tier 2/3 Charting & Setup Hunt,,,,incomplete,None,2026-02-17,‚Ä¢ Work through the "Income Safe List" only.
‚Ä¢ Apply TA: Look for Key Support (for Puts) or Resistance (for Calls).
‚Ä¢ If a setup exists: Plan the trade (Strike selection) and add to tonights list or set an alert.
‚Ä¢ If no setup exists: Move to next. Do not force trades.

Note: This can be split over Monday/Tuesday/Wednesday. Quality over speed.
GRh8Tg7qBYaovPimLyWWaM,Weekly Portfolio Audit < can be a Elon check?,,,,incomplete,None,2026-02-18,‚Ä¢ Check Weekly Charts for Long Term Holdings.
‚Ä¢ Trend Check: Is Price holding the 10/21 MA? If failing -> Plan defense.
‚Ä¢ Shopping List: Check Accumulation Watchlist for "Buy Zone" hits.
L2aGBB2kQ5aGt2vv7CoEgv,Fwd: Re: New Bank Account Details for Jen and Tim Parker,,,,incomplete,None,None,---------- Forwarded message ----------
From: Tim Parker <tim.parker@idibu.com>
Date: Feb 18, 2026 at 16:44 +0700
To: Steve Walker <steve.walker@idibu.com>
Cc: Amy Larfield <amy.larfield@compono.com>, Payroll - APS Accountancy <payroll@apsaccountancy.co.uk>, Tamara O'Sullivan <tamara.o'sullivan@compono.com>, Jen Parker <jen.parker@idibu.com>
Subject: Re: New Bank Account Details for Jen and Tim Parker

Thanks for checking Steve. We've each shared details directly from the Monzo Banking app and this is how the names have come through:
>
Timothy Parker
04-00-05
97553145
GB71 MONZ 0400 0597 5531 45
>
Jennifer Parker
04-00-05
97553145
GB71 MONZ 0400 0597 5531 45
>
Cheers
Tim
>
Tim Parker
Group Product Manager
>
>
www.idibu.com
+44 (0)800 311 2750
>
||
idibu UK
11 Southwick Mews
London
W2 1JG
idibu Europe
Calle de Balcells 29
Planta Baixa
Barcelona
08024
Spain
idibu APAC
Floor 1A
Trendy Building
13 Sukhumvit
Bangkok, 10110
Thailand
This message is intended solely for the addressee and may contain confidential information. If you have received this message in error, please send it back to us, and immediately and permanently delete it. Do not use, copy or disclose the information contained in this message or in any attachment.
>
>
On Wed, 18 Feb 2026 at 01:05, Steve Walker <steve.walker@idibu.com> wrote:
> Thanks Amy,
>
> Tim what is the official name on the account so I make sure it fully matches?
>
> Steve.
> On 18 Feb 2026 at 07:41 +0700, Amy Larfield <amy.larfield@compono.com>, wrote:
> > Thanks Tim.
> > Katherine / Vivienne / Steve - see below for change of bank details for Jen and Tim Parker
> >
> > Thanks
> > Amy
> >
> >
> > Amy Larfield
> > CFO
> > M: +61 0438 705 284
> > E:¬†amy.larfield@compono.com
> >
> >
> >
> >
> >
> > > On Tue, 17 Feb 2026 at 22:40, Tim Parker <tim.parker@idibu.com> wrote:
> > > > Hi Amy,
> > > >
> > > > As per slack, these are the new joint bank¬†account details that Jen (cc'd in) and I will be using going forward for our salary payments:
> > > >
> > > > Bank: Monzo
> > > > Sort code: 04-00-05
> > > > Acc number: 97553145
> > > > IBAN: GB71 MONZ 0400 0597 5531 45
> > > >
> > > > Let us know if you need anything¬†else.
> > > >
> > > > Kind regards,
> > > > Tim
> > > >
> > > > Tim Parker
> > > > Group Product Manager
> > > >
> > > >
> > > > www.idibu.com
> > > > +44 (0)800 311 2750
> > > >
> > > > ||
> > > > idibu UK
> > > > 11 Southwick Mews
> > > > London
> > > > W2 1JG
> > > > idibu Europe
> > > > Calle de Balcells 29
> > > > Planta Baixa
> > > > Barcelona
> > > > 08024
> > > > Spain
> > > > idibu APAC
> > > > Floor 1A
> > > > Trendy Building
> > > > 13 Sukhumvit
> > > > Bangkok, 10110
> > > > Thailand
> > > > This message is intended solely for the addressee and may contain confidential information. If you have received this message in error, please send it back to us, and immediately and permanently delete it. Do not use, copy or disclose the information contained in this message or in any attachment.

‚úâÔ∏è message:%3CCALCxsw0AOZz2htqxLU1wh3wWri1ZJgE_bXg3EnCshtBD4NMumA@mail.gmail.com%3E
TpYZMFCT196XJKZpH3NUyw,Widget: Global Hedge Subsidy %,,,,incomplete,None,None,**Data:** `Total Short Call Credits / Total Long Put Cost` (All Accounts).
**Visual:** Percent (Goal > 100%).
**Why:** The "Race to Zero" gamification metric for your shields.
Ab84ahbZx8StBWaVjou4Fo,Upgrade options end points - open, closed, hedged/trades/debits/income,,,,incomplete,None,None,
3bgfZ9nfhZ3AWdo9jifBrv,Update the 2026 Metabase charts with full breakdowns and end of year P&L,,,,incomplete,None,None,- split tradfi and crypto accounts as you mainly fucked up in crypto world
- decide if uasing april start date makes sense or not
NYw2HujGnod4tFyXCNZ5a8,ITA - BL going 5% defence position,25W8tHzexBiztscMyp8S39,,,incomplete,None,None,
V9rftZ13sAJhZdzuqCnQEg,Max drawdown on monthly detail page,,,,incomplete,None,None,A needed widget to show your worst trade of the month
5cxVRomz88U2ydfnQF2JcH,AIS shop with passport for id,SHgJgCHJs6hQNt624nkouK,,,incomplete,None,2026-02-20,
PitkFAwZroVkRkjxuYeVVi,Max drawdown on annual plus annual summaries pages,,,,incomplete,None,None,
5XBLsa1p4DnJjfpRxPNhJc,Visser - see his charts in photos - also https://x.com/jvisserlabs/status/2021951873377611924?s=46&t=z9M3rjY7BL-SheEJi-oe0A,25W8tHzexBiztscMyp8S39,,,incomplete,None,2026-02-17,- Saying that growth stocks will do worse this year 
- Energy, services, industries will do much better

Use to plan this years allocations
6X61y81Hmt8jFdmZCaEGkZ,Peter Brandt < his current allocations 13th Feb,25W8tHzexBiztscMyp8S39,,,incomplete,None,None,New post from Peter Brandt  
Link: Preparing for Bitcoin's Next Bull Market Cycle  
February 12, 2026 at 5:38pm
BAqhLbJ365VaDKHTWN3LxJ,Karl - bday uk trip?,4NkqEciJZzJxrkabAzgkWz,,,incomplete,None,2026-02-18,
ADBRcdeQwGzcoMZAHhVdm4,Knee cream. Topicorte, twice a day for a week and then stop,,,,incomplete,None,None,
23DitRHun7eXwP5LhaRen7,Daily update email v1 > Monthly reminder to roll vix ,,,,incomplete,None,None,Use agreed logic
Add market data overview to this too

- Add a iching reading or other teaching from Stocism or elsewhere against market position and your portfolio that creates the right long term mindset 
DdDseFZEuuNhjXxcTMHDu2,Need to view assets inc LEAPS to understand allocations better,4aBWKnj8TEtRfXtbwzqgkw,,,incomplete,None,None,
8QU6kCdz1v29qzv1wjanJ8,Define the quarterly get finance data workflow for watchlist an set reminder,,,,incomplete,None,None,
BZwRz3EB9popqyr2VMiVhb,Stock and portfolio monitoring service,,,,incomplete,None,None,Agentic monitoring of my stock positions and alerts if there are issues or opportunities i need to be aware of
K2d7FLK9kFKQBPxuXMCtD8,Work out better way to manage IB(C) etc than using a static googlesheet (how to MCP etc?),4aBWKnj8TEtRfXtbwzqgkw,,,incomplete,None,None,
65Z9CUpYL9c9jAzHiJfUXS,Asset ranking 1-5 in Instruments DB - B3,B2,B1 (that order) + remove waste from watchlist (see claude: Watchlist scoring implementation approach),,,,incomplete,None,2026-02-17,** needs the new daily price with ta first

Get your watchlist clean, get asset pririties clear

The Scale (1-5):
- 1: Screaming Buy / Tier 1. (Action: Buy Now).‚Ä®
- 2: Accumulate. (Action: Buy on Dips).‚Ä®
- 3: Hold. (Action: Do nothing).‚Ä®
- 4: Watch. (Action: Keep an eye on it).‚Ä®
- 5: Ignore/Sell. (Action: Sell or Hide).‚Ä®
- Create project with instructions that mimic the fetch data plus screenshot hybrid 
- Then create per sector conversations for each bucket plus sector so you can go back to it when reviewing assets
- Work through and create copy paste screen additions 
- All assets 1/2 you want to acquire go into a task where you then map out the entry and exit plans for them 
Done!

- Create monthly reminder to repeat process an check all the charts 
- Be sure to check Portfolio project to adhoc asset notes when doing this

Maybe need?
- Db table try false if in tv watchlist? So don‚Äôt fetch prices for everything 
- Daily storage of all important stuff ta maybe needs etc, or split daily, weekly, monthly? Does it matter?
- Agree process if you add or remove watchlist on tv. Any easy way? Comes up in monthly review?

When discussing this all with ai think about how we store snapshots of data so we can make decisions, what snapshots should we keep? When we replace price etc can we first archive the old data to a daily archive table? 
8iQQNecS8tEA4i7UcH9DjF,Sentiment analysis bit to swing trade crypto,4aBWKnj8TEtRfXtbwzqgkw,,,incomplete,None,None,Using xai as th me scraper?
MDVWpFsbuRT3H5pnnTFynN,Create alt coin monitoring on OpenClaw?,4aBWKnj8TEtRfXtbwzqgkw,,,incomplete,None,2026-02-18,
JAgtU1A5g7KasYZBmDyZ1M,Income trader - how to get to 12k target discussion,4aBWKnj8TEtRfXtbwzqgkw,,,incomplete,None,2026-02-19,
